{"stats":{"minecraft:killed":{"minecraft:pig":3},"minecraft:mined":{"minecraft:grass":18,"minecraft:grass_block":18,"minecraft:oak_log":11,"minecraft:dirt":1,"minecraft:sand":1,"minecraft:stone":8,"minecraft:oak_leaves":4},"minecraft:dropped":{"minecraft:shield":1,"minecraft:netherite_boots":1,"minecraft:netherite_helmet":1,"minecraft:netherite_chestplate":1,"minecraft:netherite_axe":1,"minecraft:golden_apple":5,"minecraft:netherite_leggings":1},"minecraft:crafted":{"minecraft:oak_planks":44,"minecraft:cooked_porkchop":6,"minecraft:crafting_table":1,"minecraft:stick":4,"minecraft:wooden_pickaxe":1,"minecraft:wooden_axe":1,"minecraft:chest":1,"minecraft:furnace":1,"minecraft:air":0},"minecraft:picked_up":{"minecraft:stick":8,"minecraft:feather":3,"minecraft:birch_planks":2,"minecraft:sand":1,"minecraft:porkchop":7,"minecraft:oak_log":11,"minecraft:dirt":20,"minecraft:wheat_seeds":5,"minecraft:cobblestone":8},"minecraft:used":{"minecraft:wooden_axe":9,"minecraft:birch_planks":2,"minecraft:oak_planks":8,"minecraft:netherite_chestplate":1,"minecraft:netherite_axe":30,"minecraft:shield":1,"minecraft:chest":1,"minecraft:wooden_pickaxe":8,"minecraft:netherite_boots":1,"minecraft:golden_apple":5,"minecraft:dirt":20,"minecraft:sand":1,"minecraft:netherite_leggings":1,"minecraft:crafting_table":1,"minecraft:furnace":1,"minecraft:cooked_porkchop":3,"minecraft:netherite_helmet":1},"minecraft:killed_by":{"minecraft:player":2},"minecraft:custom":{"minecraft:time_since_rest":1519,"minecraft:damage_absorbed":200,"minecraft:sprint_one_cm":61765,"minecraft:interact_with_furnace":13,"minecraft:damage_taken":1122,"minecraft:walk_one_cm":45432,"minecraft:damage_blocked_by_shield":150,"minecraft:mob_kills":3,"minecraft:drop":11,"minecraft:damage_dealt":1161,"minecraft:interact_with_crafting_table":6,"minecraft:fly_one_cm":88718,"minecraft:player_kills":2,"minecraft:open_chest":5,"minecraft:crouch_one_cm":2875,"minecraft:deaths":2,"minecraft:play_time":18031,"minecraft:sneak_time":949,"minecraft:jump":587,"minecraft:leave_game":1,"minecraft:time_since_death":1490,"minecraft:total_world_time":18031,"minecraft:fall_one_cm":19649}},"DataVersion":3465}