{"stats":{"minecraft:mined":{"minecraft:grass_block":9,"minecraft:oak_leaves":2,"minecraft:sand":1},"minecraft:picked_up":{"minecraft:sand":1,"minecraft:dirt":10},"minecraft:used":{"minecraft:dirt":10,"minecraft:sand":1},"minecraft:custom":{"minecraft:jump":67,"minecraft:time_since_rest":2341,"minecraft:damage_dealt":10,"minecraft:crouch_one_cm":868,"minecraft:sprint_one_cm":5799,"minecraft:play_time":2341,"minecraft:damage_taken":20,"minecraft:time_since_death":2341,"minecraft:walk_one_cm":9664,"minecraft:sneak_time":194,"minecraft:total_world_time":2341,"minecraft:fall_one_cm":1999,"minecraft:fly_one_cm":7233}},"DataVersion":3465}