{"stats":{"minecraft:killed":{"born_in_chaos_v1:barrel_zombie":2,"born_in_chaos_v1:spiritof_chaos":1,"minecraft:pig":4,"born_in_chaos_v1:zombie_lumberjack":1,"born_in_chaos_v1:restless_spirit":1,"specialmobs:spitfireskeleton":1,"born_in_chaos_v1:senor_pumpkin":5,"born_in_chaos_v1:lord_the_headless":1,"specialmobs:watercavespider":1,"born_in_chaos_v1:zombie_bruiser":1,"born_in_chaos_v1:baby_skeleton_minion":3,"specialmobs:skeleton":3,"born_in_chaos_v1:decrepit_skeleton":1,"born_in_chaos_v1:maggot":4,"minecraft:sheep":3,"minecraft:horse":1,"specialmobs:creeper":2,"born_in_chaos_v1:lord_pumpkinhead_withouta_horse":1,"minecraft:chicken":3,"born_in_chaos_v1:corpse_fly":1,"specialmobs:zombie":1,"realmrpg_demons:chort":1,"specialmobs:cavespider":1,"minecraft:cow":2},"minecraft:mined":{"minecraft:grass_block":4,"minecraft:grass":6,"minecraft:sand":8,"minecraft:dirt":1},"minecraft:dropped":{"rpgsmw:netherite_knife":1,"minecraft:cooked_beef":5,"born_in_chaos_v1:ethereal_spirit":1,"minecraft:rotten_flesh":6,"world:darkflame":1,"minecraft:coal":2,"alexsmobs:flying_fish":2,"rpgsmw:miphrilknife":2,"tacz:modern_kinetic_gun":6,"minecraft:bone":3},"minecraft:used":{"born_in_chaos_v1:zombie_lumberjack_spawn_egg":1,"alexsmobs:spawn_egg_skunk":25,"rpgsmw:copper_greatsword":37,"born_in_chaos_v1:ethereal_spirit":5,"rpgsmw:netherite_knife":15,"minecraft:dirt":5,"minecraft:sand":6,"mcwdoors:garage_white_door":11,"mcwdoors:wooden_portcullis":4,"born_in_chaos_v1:supreme_measure":16,"alexsmobs:flying_fish":3,"world:darkflame":2,"minecraft:beef":2,"mcwdoors:store_door":3},"minecraft:picked_up":{"born_in_chaos_v1:corpse_maggot":1,"minecraft:wheat":1,"minecraft:cooked_beef":32,"minecraft:feather":1,"minecraft:chicken":2,"minecraft:leather":3,"minecraft:oak_log":1,"minecraft:chain":1,"minecraft:gunpowder":2,"minecraft:dirt":5,"minecraft:raw_copper":2,"minecraft:bone":6,"minecraft:beef":2,"minecraft:iron_ingot":1,"minecraft:mangrove_log":1,"minecraft:book":2,"born_in_chaos_v1:ethereal_spirit":2,"minecraft:sand":8,"matecraft:termolleno":1,"born_in_chaos_v1:pieceofdarkmetal":1,"rpgsmw:class_choose_orb":1,"born_in_chaos_v1:supreme_measure":1,"minecraft:arrow":2,"minecraft:rotten_flesh":11,"tacz:modern_kinetic_gun":2,"rpgsmw:class_remove_orb":1,"rpgsmw:miphrilknife":1,"minecraft:coal":2,"alexsmobs:flying_fish":2},"minecraft:custom":{"minecraft:mob_kills":45,"minecraft:damage_dealt_resisted":17947,"minecraft:leave_game":1,"minecraft:time_since_death":844,"minecraft:time_since_rest":891,"minecraft:sprint_one_cm":41932,"minecraft:damage_taken":655,"minecraft:walk_one_cm":102060,"minecraft:drop":22,"minecraft:damage_dealt":9212,"minecraft:fly_one_cm":119447,"minecraft:crouch_one_cm":1874,"minecraft:play_time":37067,"minecraft:deaths":3,"minecraft:sneak_time":2096,"minecraft:jump":365,"minecraft:walk_on_water_one_cm":12,"minecraft:total_world_time":37067,"minecraft:fall_one_cm":6031}},"DataVersion":3465}