{"stats":{"minecraft:custom":{"minecraft:time_since_rest":6059,"minecraft:sprint_one_cm":31735,"minecraft:walk_one_cm":106337,"minecraft:damage_taken":1876,"minecraft:mob_kills":26,"minecraft:drop":5,"minecraft:damage_dealt":3960,"minecraft:fly_one_cm":219470,"minecraft:crouch_one_cm":2537,"minecraft:play_time":39099,"minecraft:deaths":2,"minecraft:sneak_time":976,"minecraft:walk_under_water_one_cm":1536,"minecraft:jump":427,"minecraft:damage_dealt_resisted":42134,"minecraft:leave_game":2,"minecraft:time_since_death":6033,"minecraft:walk_on_water_one_cm":2572,"minecraft:total_world_time":39099,"minecraft:fall_one_cm":2972},"minecraft:dropped":{"minecraft:cooked_beef":32,"matecraft:termolleno":1,"rpgsmw:class_choose_orb":1,"born_in_chaos_v1:supreme_measure":1,"rpgsmw:class_remove_orb":1},"minecraft:used":{"born_in_chaos_v1:supreme_measure":7,"born_in_chaos_v1:supreme_bonescaller_not_despawn_spawn_egg":1,"born_in_chaos_v1:barrel_zombie_spawn_egg":1,"born_in_chaos_v1:ethereal_spirit":3,"born_in_chaos_v1:tombstone_petasi":1,"minecraft:grass_block":8,"born_in_chaos_v1:magical_holiday_candy":1,"rpgsmw:netherite_knife":11,"supplementaries:bomb_blue":1,"minecraft:sand":12,"minecraft:dirt":13,"born_in_chaos_v1:lord_pumpkinhead_spawn_egg":1,"alexsmobs:animal_dictionary":1,"minecraft:cooked_beef":3,"mcwdoors:store_door":1},"minecraft:mined":{"minecraft:grass_block":11,"minecraft:dirt":1},"minecraft:killed":{"born_in_chaos_v1:lords_felsteed":1,"born_in_chaos_v1:bonescaller":1,"born_in_chaos_v1:supreme_bonescaller_not_despawn":1,"born_in_chaos_v1:bone_imp_minion":3,"alexsmobs:skunk":13,"born_in_chaos_v1:supreme_bonescaller_stage_2":1,"born_in_chaos_v1:lord_pumpkinhead_head":1,"born_in_chaos_v1:senor_pumpkin":2,"alexsmobs:flying_fish":1,"born_in_chaos_v1:baby_skeleton_minion":1,"specialmobs:skeleton":1},"minecraft:picked_up":{"minecraft:cooked_beef":5,"minecraft:feather":1,"born_in_chaos_v1:shattered_skull":1,"minecraft:chicken":1,"born_in_chaos_v1:spiritual_dust":5,"born_in_chaos_v1:seedof_chaos":3,"born_in_chaos_v1:orbofthe_summoner":1,"born_in_chaos_v1:ethereal_spirit":1,"rpgsmw:netherite_knife":1,"minecraft:porkchop":3,"born_in_chaos_v1:pieceofdarkmetal":1,"minecraft:gunpowder":1,"minecraft:prismarine_crystals":4,"minecraft:dirt":12,"minecraft:raw_copper":2,"minecraft:pufferfish":2,"minecraft:bone":6,"minecraft:arrow":2,"minecraft:rotten_flesh":1,"minecraft:gold_nugget":3,"tacz:modern_kinetic_gun":4,"world:darkflame":1,"supplementaries:ash":1,"rpgsmw:miphrilknife":1,"minecraft:mutton":2,"minecraft:coal":2,"alexsmobs:flying_fish":2,"minecraft:white_wool":1}},"DataVersion":3465}