{"stats":{"minecraft:killed":{"minecraft:chicken":2,"minecraft:cow":3},"minecraft:mined":{"minecraft:birch_log":1,"minecraft:grass":89,"minecraft:grass_block":23,"minecraft:oak_log":4,"minecraft:dirt":7,"minecraft:tall_grass":1,"minecraft:oak_leaves":5},"minecraft:dropped":{"minecraft:wheat_seeds":2},"minecraft:crafted":{"minecraft:wooden_sword":1,"minecraft:oak_planks":16,"minecraft:cooked_porkchop":1,"minecraft:stick":12,"minecraft:bone_meal":6,"minecraft:birch_planks":4,"minecraft:air":0},"minecraft:picked_up":{"minecraft:wooden_axe":1,"minecraft:birch_log":1,"minecraft:netherite_boots":2,"minecraft:feather":3,"minecraft:chicken":2,"minecraft:cooked_porkchop":2,"minecraft:leather":2,"minecraft:wooden_pickaxe":1,"minecraft:oak_log":5,"minecraft:gunpowder":1,"minecraft:shield":2,"minecraft:netherite_leggings":2,"minecraft:dirt":48,"minecraft:bone":2,"minecraft:netherite_helmet":2,"minecraft:wheat_seeds":16,"minecraft:beef":3,"minecraft:golden_apple":5,"minecraft:netherite_axe":2,"minecraft:netherite_chestplate":2,"minecraft:egg":2},"minecraft:used":{"minecraft:chicken":2,"minecraft:netherite_axe":36,"minecraft:shield":3,"minecraft:golden_apple":3,"minecraft:wooden_sword":9,"minecraft:dirt":48,"minecraft:beef":2,"minecraft:cooked_porkchop":1,"minecraft:egg":2},"minecraft:killed_by":{"minecraft:player":2},"minecraft:custom":{"minecraft:time_since_rest":5463,"minecraft:damage_absorbed":120,"minecraft:interact_with_furnace":5,"minecraft:sprint_one_cm":94931,"minecraft:damage_taken":1013,"minecraft:walk_one_cm":65424,"minecraft:damage_blocked_by_shield":350,"minecraft:mob_kills":6,"minecraft:drop":2,"minecraft:damage_dealt":1564,"minecraft:interact_with_crafting_table":4,"minecraft:fly_one_cm":150447,"minecraft:player_kills":2,"minecraft:open_chest":6,"minecraft:crouch_one_cm":895,"minecraft:play_time":21758,"minecraft:deaths":3,"minecraft:sneak_time":718,"minecraft:jump":810,"minecraft:leave_game":3,"minecraft:time_since_death":5432,"minecraft:total_world_time":21758,"minecraft:fall_one_cm":31405}},"DataVersion":3465}