{"stats":{"minecraft:killed":{"minecraft:chicken":2,"minecraft:cow":1},"minecraft:mined":{"minecraft:birch_log":1,"minecraft:grass":57,"minecraft:grass_block":16,"minecraft:dirt":5,"minecraft:oak_leaves":5},"minecraft:dropped":{"minecraft:wheat_seeds":1},"minecraft:crafted":{"minecraft:cooked_porkchop":1,"minecraft:stick":4,"minecraft:birch_planks":4,"minecraft:air":0},"minecraft:picked_up":{"minecraft:wooden_axe":1,"minecraft:birch_log":1,"minecraft:netherite_boots":2,"minecraft:feather":3,"minecraft:chicken":2,"minecraft:cooked_porkchop":2,"minecraft:wooden_pickaxe":1,"minecraft:shield":2,"minecraft:netherite_leggings":2,"minecraft:dirt":20,"minecraft:netherite_helmet":2,"minecraft:wheat_seeds":7,"minecraft:beef":1,"minecraft:golden_apple":5,"minecraft:netherite_axe":2,"minecraft:netherite_chestplate":2,"minecraft:egg":2},"minecraft:used":{"minecraft:chicken":2,"minecraft:netherite_axe":36,"minecraft:shield":3,"minecraft:golden_apple":3,"minecraft:dirt":20,"minecraft:cooked_porkchop":1,"minecraft:egg":2},"minecraft:killed_by":{"minecraft:player":2},"minecraft:custom":{"minecraft:time_since_rest":1257,"minecraft:damage_absorbed":120,"minecraft:interact_with_furnace":5,"minecraft:sprint_one_cm":73724,"minecraft:damage_taken":993,"minecraft:walk_one_cm":51634,"minecraft:damage_blocked_by_shield":350,"minecraft:mob_kills":3,"minecraft:drop":1,"minecraft:damage_dealt":1254,"minecraft:interact_with_crafting_table":3,"minecraft:player_kills":2,"minecraft:fly_one_cm":129013,"minecraft:open_chest":3,"minecraft:crouch_one_cm":825,"minecraft:play_time":17552,"minecraft:deaths":3,"minecraft:sneak_time":609,"minecraft:jump":705,"minecraft:leave_game":1,"minecraft:time_since_death":1226,"minecraft:total_world_time":17552,"minecraft:fall_one_cm":27022}},"DataVersion":3465}