{"stats":{"minecraft:mined":{"minecraft:grass":8,"minecraft:grass_block":5,"minecraft:dirt":3},"minecraft:dropped":{"minecraft:wheat_seeds":1},"minecraft:picked_up":{"minecraft:wheat_seeds":1,"minecraft:dirt":7},"minecraft:used":{"minecraft:dirt":7},"minecraft:custom":{"minecraft:jump":61,"minecraft:time_since_rest":1959,"minecraft:damage_dealt":20,"minecraft:crouch_one_cm":148,"minecraft:sprint_one_cm":6249,"minecraft:play_time":1959,"minecraft:damage_taken":30,"minecraft:time_since_death":1959,"minecraft:walk_one_cm":6745,"minecraft:sneak_time":94,"minecraft:total_world_time":1959,"minecraft:drop":1,"minecraft:fall_one_cm":1780,"minecraft:fly_one_cm":7800}},"DataVersion":3465}